index,time,figure
1,00:00,figures/display_0001.jpg
2,00:05,figures/display_0002.jpg
3,00:10,figures/display_0003.jpg
4,00:15,figures/display_0004.jpg
5,00:20,figures/display_0005.jpg
6,00:25,figures/display_0006.jpg
7,00:30,figures/display_0007.jpg
8,00:35,figures/display_0008.jpg
9,00:40,figures/display_0009.jpg
10,00:45,figures/display_0010.jpg
11,00:50,figures/display_0011.jpg
12,00:55,figures/display_0012.jpg
13,01:00,figures/display_0013.jpg
14,01:05,figures/display_0014.jpg
15,01:10,figures/display_0015.jpg
16,01:15,figures/display_0016.jpg
17,01:20,figures/display_0017.jpg
18,01:25,figures/display_0018.jpg
19,01:30,figures/display_0019.jpg
20,01:35,figures/display_0020.jpg
21,01:40,figures/display_0021.jpg
22,01:45,figures/display_0022.jpg
23,01:50,figures/display_0023.jpg
24,01:55,figures/display_0024.jpg
25,02:00,figures/display_0025.jpg
26,02:05,figures/display_0026.jpg
27,02:10,figures/display_0027.jpg
28,02:15,figures/display_0028.jpg
29,02:20,figures/display_0029.jpg
30,02:25,figures/display_0030.jpg
31,02:30,figures/display_0031.jpg
32,02:35,figures/display_0032.jpg
33,02:40,figures/display_0033.jpg
34,02:45,figures/display_0034.jpg
35,02:50,figures/display_0035.jpg
36,02:55,figures/display_0036.jpg
37,03:00,figures/display_0037.jpg
38,03:05,figures/display_0038.jpg
39,03:10,figures/display_0039.jpg
40,03:15,figures/display_0040.jpg
41,03:20,figures/display_0041.jpg
42,03:25,figures/display_0042.jpg
43,03:30,figures/display_0043.jpg
44,03:35,figures/display_0044.jpg
45,03:40,figures/display_0045.jpg
46,03:45,figures/display_0046.jpg
47,03:50,figures/display_0047.jpg
48,03:55,figures/display_0048.jpg
49,04:00,figures/display_0049.jpg
50,04:05,figures/display_0050.jpg
51,04:10,figures/display_0051.jpg
52,04:15,figures/display_0052.jpg
53,04:20,figures/display_0053.jpg
54,04:25,figures/display_0054.jpg
55,04:30,figures/display_0055.jpg
56,04:35,figures/display_0056.jpg
57,04:40,figures/display_0057.jpg
58,04:45,figures/display_0058.jpg
59,04:50,figures/display_0059.jpg
60,04:55,figures/display_0060.jpg
61,05:00,figures/display_0061.jpg
62,05:05,figures/display_0062.jpg
63,05:10,figures/display_0063.jpg
64,05:15,figures/display_0064.jpg
65,05:20,figures/display_0065.jpg
66,05:25,figures/display_0066.jpg
67,05:30,figures/display_0067.jpg
68,05:35,figures/display_0068.jpg
69,05:40,figures/display_0069.jpg
70,05:45,figures/display_0070.jpg
71,05:50,figures/display_0071.jpg
72,05:55,figures/display_0072.jpg
73,06:00,figures/display_0073.jpg
74,06:05,figures/display_0074.jpg
75,06:10,figures/display_0075.jpg
76,06:15,figures/display_0076.jpg
77,06:20,figures/display_0077.jpg
78,06:25,figures/display_0078.jpg
79,06:30,figures/display_0079.jpg
80,06:35,figures/display_0080.jpg
81,06:40,figures/display_0081.jpg
82,06:45,figures/display_0082.jpg
83,06:50,figures/display_0083.jpg
84,06:55,figures/display_0084.jpg
85,07:00,figures/display_0085.jpg
86,07:05,figures/display_0086.jpg
87,07:10,figures/display_0087.jpg
88,07:15,figures/display_0088.jpg
89,07:20,figures/display_0089.jpg
90,07:25,figures/display_0090.jpg
91,07:30,figures/display_0091.jpg
92,07:35,figures/display_0092.jpg
93,07:40,figures/display_0093.jpg
94,07:45,figures/display_0094.jpg
95,07:50,figures/display_0095.jpg
96,07:55,figures/display_0096.jpg
97,08:00,figures/display_0097.jpg
98,08:05,figures/display_0098.jpg
99,08:10,figures/display_0099.jpg
100,08:15,figures/display_0100.jpg
101,08:20,figures/display_0101.jpg
102,08:25,figures/display_0102.jpg
103,08:30,figures/display_0103.jpg
104,08:35,figures/display_0104.jpg
105,08:40,figures/display_0105.jpg
106,08:45,figures/display_0106.jpg
107,08:50,figures/display_0107.jpg
108,08:55,figures/display_0108.jpg
109,09:00,figures/display_0109.jpg
110,09:05,figures/display_0110.jpg
111,09:10,figures/display_0111.jpg
112,09:15,figures/display_0112.jpg
113,09:20,figures/display_0113.jpg
114,09:25,figures/display_0114.jpg
115,09:30,figures/display_0115.jpg
116,09:35,figures/display_0116.jpg
117,09:40,figures/display_0117.jpg
118,09:45,figures/display_0118.jpg
119,09:50,figures/display_0119.jpg
120,09:55,figures/display_0120.jpg
121,10:00,figures/display_0121.jpg
122,10:05,figures/display_0122.jpg
123,10:10,figures/display_0123.jpg
124,10:15,figures/display_0124.jpg
125,10:20,figures/display_0125.jpg
126,10:25,figures/display_0126.jpg
127,10:30,figures/display_0127.jpg
128,10:35,figures/display_0128.jpg
129,10:40,figures/display_0129.jpg
130,10:45,figures/display_0130.jpg
131,10:50,figures/display_0131.jpg
132,10:55,figures/display_0132.jpg
133,11:00,figures/display_0133.jpg
134,11:05,figures/display_0134.jpg
135,11:10,figures/display_0135.jpg
136,11:15,figures/display_0136.jpg
137,11:20,figures/display_0137.jpg
138,11:25,figures/display_0138.jpg
139,11:30,figures/display_0139.jpg
140,11:35,figures/display_0140.jpg
141,11:40,figures/display_0141.jpg
142,11:45,figures/display_0142.jpg
143,11:50,figures/display_0143.jpg
144,11:55,figures/display_0144.jpg
145,12:00,figures/display_0145.jpg
146,12:05,figures/display_0146.jpg
147,12:10,figures/display_0147.jpg
148,12:15,figures/display_0148.jpg
149,12:20,figures/display_0149.jpg
150,12:25,figures/display_0150.jpg
151,12:30,figures/display_0151.jpg
152,12:35,figures/display_0152.jpg
153,12:40,figures/display_0153.jpg
154,12:45,figures/display_0154.jpg
155,12:50,figures/display_0155.jpg
156,12:55,figures/display_0156.jpg
157,13:00,figures/display_0157.jpg
158,13:05,figures/display_0158.jpg
159,13:10,figures/display_0159.jpg
160,13:15,figures/display_0160.jpg
161,13:20,figures/display_0161.jpg
162,13:25,figures/display_0162.jpg
163,13:30,figures/display_0163.jpg
164,13:35,figures/display_0164.jpg
165,13:40,figures/display_0165.jpg
166,13:45,figures/display_0166.jpg
167,13:50,figures/display_0167.jpg
168,13:55,figures/display_0168.jpg
169,14:00,figures/display_0169.jpg
170,14:05,figures/display_0170.jpg
171,14:10,figures/display_0171.jpg
172,14:15,figures/display_0172.jpg
173,14:20,figures/display_0173.jpg
174,14:25,figures/display_0174.jpg
175,14:30,figures/display_0175.jpg
176,14:35,figures/display_0176.jpg
177,14:40,figures/display_0177.jpg
178,14:45,figures/display_0178.jpg
179,14:50,figures/display_0179.jpg
180,14:55,figures/display_0180.jpg
181,15:00,figures/display_0181.jpg
182,15:05,figures/display_0182.jpg
183,15:10,figures/display_0183.jpg
184,15:15,figures/display_0184.jpg
185,15:20,figures/display_0185.jpg
186,15:25,figures/display_0186.jpg
187,15:30,figures/display_0187.jpg
188,15:35,figures/display_0188.jpg
189,15:40,figures/display_0189.jpg
190,15:45,figures/display_0190.jpg
191,15:50,figures/display_0191.jpg
192,15:55,figures/display_0192.jpg
193,16:00,figures/display_0193.jpg
194,16:05,figures/display_0194.jpg
195,16:10,figures/display_0195.jpg
196,16:15,figures/display_0196.jpg
197,16:20,figures/display_0197.jpg
198,16:25,figures/display_0198.jpg
199,16:30,figures/display_0199.jpg
200,16:35,figures/display_0200.jpg
201,16:40,figures/display_0201.jpg
202,16:45,figures/display_0202.jpg
203,16:50,figures/display_0203.jpg
204,16:55,figures/display_0204.jpg
205,17:00,figures/display_0205.jpg
206,17:05,figures/display_0206.jpg
207,17:10,figures/display_0207.jpg
208,17:15,figures/display_0208.jpg
209,17:20,figures/display_0209.jpg
210,17:25,figures/display_0210.jpg
211,17:30,figures/display_0211.jpg
212,17:35,figures/display_0212.jpg
213,17:40,figures/display_0213.jpg
214,17:45,figures/display_0214.jpg
215,17:50,figures/display_0215.jpg
216,17:55,figures/display_0216.jpg
217,18:00,figures/display_0217.jpg
218,18:05,figures/display_0218.jpg
